,text_score,text_score_expansion,hashtag,hasURL,isReply,length,sentiment,tweet_topic_time_diff,semantic_overlap,#entityTypes,#entities,organization_entities,person_entities,work_entities,event_entities,species_entities,places_entities,nFollowers,nFriends,nFavorties,nListed,isVerified,isGeoEnabled,twitterAge,#tweetsPosted,relevanceJudge
count,39955.0,39955.0,39955.0,39955.0,39955.0,39955.0,39955.0,39955.0,39955.0,39955.0,39955.0,39955.0,39955.0,39955.0,39955.0,39955.0,39955.0,39955.0,39955.0,39955.0,39955.0,39955.0,39955.0,39955.0,39955.0,39955.0
mean,-14.145118633212364,-13.98202969816043,0.19331748216743838,0.561231385308472,0.13392566637467151,87.99279189087724,0.03724189713427606,3.63266174446252,0.06111875860342886,0.6113127268176699,1.9164810411713178,0.19729695907896383,0.1880615692654236,0.24132148667250658,0.004004505068201727,0.011462895757727444,0.12068577149292954,4327.279489425604,1305.449005130772,185.85771492929547,108.67325741459142,0.005456138155424853,0.24567638593417596,2.2175699963208606,28957.541158803655,0.07050431735702666
std,3.13131656827981,3.3714416127229625,0.39490471811604944,0.49624276398654005,0.34057669523745754,35.20726675672176,0.40466395599494476,4.3048520211674735,0.23955102208772025,0.7585208125579063,1.7038474084405721,0.48961043486033456,0.4986567873736636,0.5594545499323859,0.06662647318968896,0.12444500547177022,0.42226340427096193,61198.32219783074,5582.965893444421,3551.4202203303557,1196.560608334245,0.07366481200179151,0.43049290081260444,0.8869673049164718,56706.621581817795,0.2559982398645882
min,-16.0,-16.0,0.0,0.0,0.0,0.0,-1.0,0.0,0.0,0.0,0.0,0.0,0.0,0.0,0.0,0.0,0.0,0.0,0.0,0.0,0.0,0.0,0.0,0.0,0.0,0.0
25%,-16.0,-16.0,0.0,0.0,0.0,58.0,0.0,0.0,0.0,0.0,0.0,0.0,0.0,0.0,0.0,0.0,0.0,152.0,78.0,0.0,2.0,0.0,0.0,1.558951,2512.0,0.0
50%,-16.0,-16.0,0.0,1.0,0.0,96.0,0.0,2.0,0.0,0.0,2.0,0.0,0.0,0.0,0.0,0.0,0.0,481.0,292.0,2.0,9.0,0.0,0.0,2.227403,10290.0,0.0
75%,-10.9625,-10.500350000000001,0.0,1.0,0.0,116.0,0.0,6.0,0.0,1.0,3.0,0.0,0.0,0.0,0.0,0.0,0.0,1469.5,936.0,24.0,38.0,0.0,0.0,2.8405875,30260.0,0.0
max,-5.58804,-4.50139,1.0,1.0,1.0,255.0,1.0,16.0,1.0,4.0,11.0,8.0,8.0,12.0,2.0,5.0,9.0,4853601.0,561555.0,551473.0,97531.0,1.0,1.0,5.623593,1399152.0,1.0
